{
  "default": {
    "wall": "default_wall.png",
    "floor": "default_floor.png"
  },
  "plane": {
    "wall": "plane_wall.png",
    "floor": "plane_floor.png"
  },
  "customs": {
    "wall": "customs_wall.png",
    "floor": "customs_floor.png"
  },
  "airport": {
    "wall": "airport_wall.png",
    "floor": "airport_floor.png"
  },
  "campus": {
    "wall": "campus_wall.png",
    "floor": "campus_floor.png"
  },
  "student_center": {
    "wall": "student_center_wall.png",
    "floor": "student_center_floor.png"
  },
  "dorm": {
    "wall": "dorm_wall.png",
    "floor": "dorm_floor.png"
  },
  "rooftop": {
    "wall": "rooftop_wall.png",
    "floor": "rooftop_floor.png"
  },
  "library": {
    "wall": "library_wall.png",
    "floor": "library_floor.png"
  },
  "engineering": {
    "wall": "engineering_wall.png",
    "floor": "engineering_floor.png"
  },
  "lab": {
    "wall": "lab_wall.png",
    "floor": "lab_floor.png"
  },
  "quadrangle": {
    "wall": "quadrangle_wall.png",
    "floor": "quadrangle_floor.png"
  },
  "market": {
    "wall": "market_wall.png",
    "floor": "market_floor.png"
  },
  "harbour": {
    "wall": "harbour_wall.png",
    "floor": "harbour_floor.png"
  },
  "street_campus_to_market": {
    "wall": "street_wall.png",
    "floor": "street_floor.png"
  },
  "street_airport_to_campus": {
    "wall": "street_wall.png",
    "floor": "street_floor.png"
  }
}