{
  "au": "portals/au.png",
  "ua": "portals/au.png",
  "up": "portals/door1.png",
  "pu": "portals/door1.png",
  "ac": "portals/door1.png",
  "at": "portals/door1.png",
  "tu": "portals/gate.png",
  "ca": "portals/gate.png",
  "cm": "portals/gate.png",
  "mc": "portals/gate.png",
  "mh": "portals/gate.png",
  "hm": "portals/gate.png",
  "dr": "portals/door1.png",
  "rd": "portals/door1.png",
  "cl": "portals/door2.png",
  "lc": "portals/door2.png",
  "ce": "portals/door2.png",
  "cd": "portals/door2.png",
  "dc": "portals/door2.png",
  "cs": "portals/door2.png",
  "sc": "portals/door2.png",
  "cq": "portals/doorq.png",
  "qc": "portals/doorq.png",
  "ec": "portals/door2.png",
  "el": "portals/door2.png",
  "le": "portals/door2.png",
  "tc": "portals/gate.png",
  "tm": "portals/gate.png"
}